id,Start_Time,prob
166454,2021-03-29 06:00:00,0.3473960966904061
167890,2021-03-29 06:00:00,0.4741342926424137
164553,2021-03-29 06:00:00,0.15446543648084873
154042,2021-03-29 06:00:00,0.05994165877524463
167335,2021-03-29 07:00:00,0.36861009258805
168665,2021-03-29 07:00:00,0.3337967358365787
169066,2021-03-29 07:00:00,0.5867938174898799
169577,2021-03-29 07:00:00,0.4834002962517042
168557,2021-03-29 07:00:00,0.2748555629210936
164259,2021-03-29 07:00:00,0.216208318014167
163543,2021-03-29 07:00:00,0.07241080275849464
162747,2021-03-29 07:00:00,0.15238652825796722
161473,2021-03-29 08:30:00,0.14104287300478913
167646,2021-03-29 14:00:00,0.3939625724820818
165523,2021-03-29 14:00:00,0.42072653665693094
162523,2021-03-29 15:00:00,0.25407001839296095
169959,2021-03-29 18:00:00,0.42818565898127725
167838,2021-03-29 18:00:00,0.2794171217176772
136272,2021-03-29 18:00:00,0.014276177744908183
168874,2021-03-29 18:00:00,0.4578213898596876
169069,2021-03-29 18:00:00,0.3964211331079027
168906,2021-03-29 18:00:00,0.47842548516701094
166295,2021-03-29 18:30:00,0.1690703837393626
168596,2021-03-29 18:30:00,0.23466377309147307
167025,2021-03-29 18:30:00,0.28032111222273104
163629,2021-03-29 18:30:00,0.1401731482946972
169484,2021-03-29 19:00:00,0.5158410817579594
163631,2021-03-29 19:00:00,0.23276244848313063
164318,2021-03-29 19:00:00,0.30748324584288034
169545,2021-03-29 19:00:00,0.5366395217651376
169834,2021-03-30 05:45:00,0.3375042075187527
170100,2021-03-30 05:45:00,0.4020179279530915
164554,2021-03-30 06:00:00,0.1479436384331053
169296,2021-03-30 06:00:00,0.4772120628504327
167225,2021-03-30 06:00:00,0.3535030096652825
154043,2021-03-30 06:00:00,0.05700761363742939
166455,2021-03-30 06:00:00,0.33580094359659235
167647,2021-03-30 06:00:00,0.38111650958002
170135,2021-03-30 06:00:00,0.6132349657906663
169067,2021-03-30 07:00:00,0.5711726485391556
168668,2021-03-30 07:00:00,0.3526683860738136
170235,2021-03-30 07:00:00,0.5755791569938964
170017,2021-03-30 07:00:00,0.3702251819234101
168847,2021-03-30 07:00:00,0.36591402931993217
161474,2021-03-30 08:30:00,0.13499740641594998
165524,2021-03-30 14:00:00,0.4050435596812905
167839,2021-03-30 18:00:00,0.2689416981205471
136271,2021-03-30 18:00:00,0.013577730351700715
168907,2021-03-30 18:00:00,0.4656451795925766
169497,2021-03-30 18:00:00,0.4473506197524359
168877,2021-03-30 18:00:00,0.44521280904162164
170061,2021-03-30 18:00:00,0.41326718889879166
163630,2021-03-30 18:30:00,0.13414921173937813
167022,2021-03-30 18:30:00,0.26839338088252124
169546,2021-03-30 19:00:00,0.5239748891818898
164319,2021-03-30 19:00:00,0.29673735148066765
169409,2021-03-30 19:00:00,0.4519513376111017
163917,2021-03-30 19:00:00,0.1466789168232517
169196,2021-03-30 22:00:00,0.39596975493917097
169835,2021-03-31 05:45:00,0.32622845028959835
170105,2021-03-31 05:45:00,0.35421757957605204
170103,2021-03-31 05:45:00,0.38872694453616896
168799,2021-03-31 06:00:00,0.4753193037144376
164555,2021-03-31 06:00:00,0.1416512238710811
167224,2021-03-31 06:00:00,0.3421848213756289
169451,2021-03-31 06:00:00,0.25524972829669507
160224,2021-03-31 06:00:00,0.17299124472235897
166457,2021-03-31 06:00:00,0.32440335894641775
167648,2021-03-31 06:00:00,0.36920400347281634
169595,2021-03-31 06:30:00,0.358410299718554
166686,2021-03-31 06:30:00,0.16352779831349523
169163,2021-03-31 07:00:00,0.2621492570111469
161860,2021-03-31 07:00:00,0.15006830996211992
164389,2021-03-31 07:00:00,0.14682030903138196
170018,2021-03-31 07:00:00,0.358331030164084
159052,2021-03-31 07:00:00,0.23638188891295767
169578,2021-03-31 07:00:00,0.45805640680670323
161475,2021-03-31 08:30:00,0.12917207854663496
165525,2021-03-31 14:00:00,0.38976026447738504
163523,2021-03-31 14:00:00,0.17504429140791447
167508,2021-03-31 17:45:00,0.1853233227152288
168878,2021-03-31 18:00:00,0.4325362181532247
168908,2021-03-31 18:00:00,0.4529126720228015
169498,2021-03-31 18:00:00,0.43355439405869983
167840,2021-03-31 18:00:00,0.25873392779840393
170063,2021-03-31 18:00:00,0.40099916823229365
167028,2021-03-31 18:30:00,0.3073986954622618
169547,2021-03-31 19:00:00,0.5112797530173186
169807,2021-03-31 19:00:00,0.4970101204261991
169509,2021-03-31 19:00:00,0.3732807742908847
163633,2021-03-31 19:00:00,0.13656629453482233
168669,2021-03-31 19:00:00,0.33543138205173423
169428,2021-03-31 19:00:00,0.43994219303174575
169489,2021-03-31 19:00:00,0.5046468129667703
169483,2021-03-31 19:00:00,0.46527636956832313
169290,2021-03-31 22:00:00,0.45693235288007344
169861,2021-03-31 22:00:00,0.36678677649437874
164557,2021-04-01 06:00:00,0.13559103244613466
166806,2021-04-01 06:00:00,0.2659291231589339
169235,2021-04-01 06:00:00,0.4088158949059335
166075,2021-04-01 06:00:00,0.3371466679521089
167925,2021-04-01 06:30:00,0.27191573517950823
165426,2021-04-01 06:30:00,0.15175269161932325
168657,2021-04-01 07:00:00,0.30087454193523594
165526,2021-04-01 14:00:00,0.3748806353803172
169499,2021-04-01 18:00:00,0.41992494826651194
169797,2021-04-01 18:00:00,0.46582846408308415
169951,2021-04-01 18:00:00,0.3912408240215473
167841,2021-04-01 18:00:00,0.24879973719884682
169548,2021-04-01 19:00:00,0.497308943305248
164821,2021-04-01 19:00:00,0.06477697140401391
167216,2021-04-01 19:00:00,0.2081322193030254
168671,2021-04-01 19:00:00,0.32416891433119194
168898,2021-04-01 19:00:00,0.3359548099894617
169289,2021-04-01 22:00:00,0.4293443315248391
160226,2021-04-02 06:00:00,0.18032145525233942
166807,2021-04-02 06:00:00,0.2561271845676679
169269,2021-04-02 06:00:00,0.4041562430331488
169236,2021-04-02 06:00:00,0.3963829571772136
166738,2021-04-02 07:00:00,0.29706016591069845
165338,2021-04-02 07:00:00,0.14629537577830068
168969,2021-04-02 18:00:00,0.34525874972910936
169798,2021-04-02 18:00:00,0.452903997589596
167842,2021-04-02 18:00:00,0.23913950046238527
170064,2021-04-02 18:00:00,0.3768562055507593
165736,2021-04-02 18:30:00,0.14183488567042632
170459,2021-04-02 18:30:00,0.3506447732248087
165210,2021-04-02 19:00:00,0.15037392389540585
165223,2021-04-02 19:00:00,0.14708256787497181
169288,2021-04-02 22:00:00,0.41710921131520956
166809,2021-04-03 06:00:00,0.24657688822113738
166449,2021-04-03 07:00:00,0.22861988727206073
163550,2021-04-03 07:00:00,0.05987186053890139
168879,2021-04-03 18:00:00,0.3954146544732482
168970,2021-04-03 18:00:00,0.33386278869752795
165604,2021-04-03 18:30:00,0.1349226757482095
166296,2021-04-03 18:30:00,0.13320636935354344
165224,2021-04-03 19:00:00,0.14078047978342834
169295,2021-04-04 06:00:00,0.3997827877802402
169301,2021-04-04 06:00:00,0.23203541840195402
165427,2021-04-04 06:30:00,0.13314216799894169
165344,2021-04-04 07:00:00,0.134046263693941
163544,2021-04-04 07:00:00,0.057078060090517774
168971,2021-04-04 18:00:00,0.3226590691994501
169212,2021-04-04 18:00:00,0.3913429703199845
165602,2021-04-04 18:30:00,0.12910011102331295
168135,2021-04-04 18:30:00,0.167949798399282
165225,2021-04-04 19:00:00,0.13470273189418552
169292,2021-04-04 22:00:00,0.39196708133496855
169237,2021-04-05 06:00:00,0.36035951274405137
166810,2021-04-05 06:00:00,0.22818932998225258
169270,2021-04-05 06:00:00,0.36788254948056465
165356,2021-04-05 07:00:00,0.20512045195402995
169213,2021-04-05 18:00:00,0.37930891132158706
168880,2021-04-05 18:00:00,0.37124576978737467
165734,2021-04-05 18:30:00,0.14532856307278486
170458,2021-04-05 18:30:00,0.31677517515739684
169549,2021-04-05 19:00:00,0.4466960800125412
165226,2021-04-05 19:00:00,0.1346692657428027
169297,2021-04-05 22:00:00,0.3793329889846215
169245,2021-04-05 22:00:00,0.3513877902061334
169303,2021-04-06 06:00:00,0.2150717169090253
166811,2021-04-06 06:00:00,0.2193632495173344
169238,2021-04-06 06:00:00,0.34853904787610906
169893,2021-04-06 06:00:00,0.36791602539034585
168881,2021-04-06 18:00:00,0.3593260899759494
169799,2021-04-06 18:00:00,0.4029064000188507
170457,2021-04-06 18:30:00,0.30590668041347313
166297,2021-04-06 18:30:00,0.13644822997104558
165733,2021-04-06 18:30:00,0.12426908778015978
169551,2021-04-06 19:00:00,0.43417864654036203
169528,2021-04-06 19:00:00,0.25998058031539795
165216,2021-04-06 19:00:00,0.1318669595113021
169298,2021-04-06 22:00:00,0.36729448554880395
169271,2021-04-07 06:00:00,0.34443081282881766
169894,2021-04-07 06:00:00,0.3560936470568545
169800,2021-04-07 18:00:00,0.39046506610518256
166298,2021-04-07 18:30:00,0.13049980554917326
170455,2021-04-07 18:30:00,0.2952863143304847
169552,2021-04-07 19:00:00,0.4217389691579735
165359,2021-04-07 19:00:00,0.19297098634614682
169529,2021-04-07 19:00:00,0.25028738732150474
167294,2021-04-07 19:00:00,0.19006092256337917
169272,2021-04-08 06:00:00,0.3329046190925741
169239,2021-04-08 06:00:00,0.32564789735110095
166812,2021-04-08 06:00:00,0.20245302112385907
165428,2021-04-08 06:30:00,0.11650216357950666
167338,2021-04-08 07:00:00,0.2908231440505399
165345,2021-04-08 07:00:00,0.1173141356645154
169801,2021-04-08 18:00:00,0.37817572915725844
165731,2021-04-08 18:30:00,0.11362295080205717
169553,2021-04-08 19:00:00,0.40939903799066957
165217,2021-04-08 19:00:00,0.1206257860341445
167298,2021-04-08 19:00:00,0.18229512518345362
169240,2021-04-09 06:00:00,0.31442095271618364
166813,2021-04-09 06:00:00,0.1943708987542762
169273,2021-04-09 06:00:00,0.3215771345562202
165766,2021-04-09 06:30:00,0.11380368547920186
168972,2021-04-09 18:00:00,0.2698108838827411
167478,2021-04-09 18:30:00,0.1375718746614523
170431,2021-04-09 18:30:00,0.33845507312583
165743,2021-04-09 18:30:00,0.10866862845529363
165222,2021-04-09 19:00:00,0.1127984494399348
166814,2021-04-10 06:00:00,0.19437203062899588
169581,2021-04-10 06:00:00,0.3228627587807856
163553,2021-04-10 07:00:00,0.041953838228077044
168884,2021-04-10 18:00:00,0.31373259167701284
168973,2021-04-10 18:00:00,0.2599165100435156
165227,2021-04-10 19:00:00,0.10767018757476579
165754,2021-04-11 06:30:00,0.1015906034611426
163555,2021-04-11 07:00:00,0.03995807445739535
165232,2021-04-11 19:00:00,0.1657039658982302
169512,2021-04-12 06:00:00,0.2736241667190043
169241,2021-04-12 06:00:00,0.2823590006210995
169274,2021-04-12 06:00:00,0.28912671186191513
165346,2021-04-12 07:00:00,0.09781664186420613
167340,2021-04-12 07:00:00,0.22704579356431082
165744,2021-04-12 18:30:00,0.09472819748784139
166299,2021-04-12 18:30:00,0.0926492955817821
169554,2021-04-12 19:00:00,0.36129760352228363
165233,2021-04-12 19:00:00,0.09825648757736812
165275,2021-04-12 19:00:00,0.10078791191300566
169275,2021-04-13 06:00:00,0.278670553505116
169242,2021-04-13 06:00:00,0.2720198257609917
167002,2021-04-13 06:00:00,0.3065539204626688
169895,2021-04-13 06:00:00,0.2895275894465738
166154,2021-04-13 06:30:00,0.10288267955540727
167341,2021-04-13 07:00:00,0.21825106100736147
169555,2021-04-13 19:00:00,0.3496562945947594
165530,2021-04-13 19:00:00,0.09476578015902165
169276,2021-04-14 06:00:00,0.26845149773991916
169243,2021-04-14 06:00:00,0.26194910277591216
167907,2021-04-14 19:00:00,0.1274083669496961
167300,2021-04-14 19:00:00,0.1260144392099055
169556,2021-04-14 19:00:00,0.3381911884097077
165297,2021-04-14 19:00:00,0.09197077141586135
169278,2021-04-15 06:00:00,0.2584745716317228
169906,2021-04-15 06:00:00,0.26909433712701586
166995,2021-04-15 06:00:00,0.2852185710832545
165433,2021-04-15 06:30:00,0.08454763694022174
165673,2021-04-15 19:00:00,0.08719543305182054
167303,2021-04-15 19:00:00,0.12047912373481552
169557,2021-04-15 19:00:00,0.3269125108403231
169280,2021-04-16 06:00:00,0.24874412965679116
165349,2021-04-16 07:00:00,0.08128266082073503
165302,2021-04-16 19:00:00,0.08380005122220807
165674,2021-04-16 19:00:00,0.08321207728231667
169260,2021-04-16 22:00:00,0.2348497866421749
165435,2021-04-17 06:30:00,0.07700027327930109
163927,2021-04-17 07:00:00,0.03100243531139449
165676,2021-04-17 19:00:00,0.07939869225553518
169281,2021-04-18 06:00:00,0.23092027587746597
165726,2021-04-18 06:30:00,0.07327840118369619
163928,2021-04-18 07:00:00,0.029511565762944243
165677,2021-04-18 19:00:00,0.07574611506188332
169282,2021-04-19 06:00:00,0.23013586058943136
169908,2021-04-19 06:00:00,0.2645861704552793
165671,2021-04-19 07:00:00,0.07183965957563428
165368,2021-04-19 07:00:00,0.11756427103803933
165501,2021-04-19 19:00:00,0.07165734016408479
169558,2021-04-19 19:00:00,0.2942875648295393
165310,2021-04-19 19:00:00,0.07280092221342452
169263,2021-04-20 06:00:00,0.21383073246632373
169285,2021-04-20 06:00:00,0.2211576897872775
165436,2021-04-20 06:30:00,0.06683537463708616
169559,2021-04-20 19:00:00,0.28384611222795586
165502,2021-04-20 19:00:00,0.06833143951884249
169264,2021-04-20 22:00:00,0.20809668303572376
165607,2021-04-21 18:30:00,0.06163823099966844
165316,2021-04-21 19:00:00,0.06621030462142392
165503,2021-04-21 19:00:00,0.06514960567309078
169907,2021-04-22 06:00:00,0.21340797727336835
165438,2021-04-22 06:30:00,0.06076663515111837
165672,2021-04-22 07:00:00,0.062310850378103744
165606,2021-04-22 18:30:00,0.05876497823005408
169561,2021-04-22 19:00:00,0.26365404603791237
167311,2021-04-22 19:00:00,0.08753049558534311
166504,2021-04-22 19:00:00,0.07258582536627407
165439,2021-04-23 06:30:00,0.057929222816159545
165675,2021-04-23 07:00:00,0.05940630153675037
166503,2021-04-23 19:00:00,0.06924892386674551
165342,2021-04-23 19:00:00,0.060206386955435204
165506,2021-04-24 19:00:00,0.056402367832116274
169562,2021-04-26 19:00:00,0.22612052729989907
169563,2021-04-27 19:00:00,0.21735158708443508
169564,2021-04-28 19:00:00,0.20883453044613898
169566,2021-04-29 19:00:00,0.2005627449017564
